[
  {
    "name": {
      "title": "mr",
      "first": "dean",
      "last": "castillo"
    },
    "picture": {
      "large": "https://randomuser.me/api/portraits/men/74.jpg",
      "medium": "https://randomuser.me/api/portraits/med/men/74.jpg",
      "thumbnail": "https://randomuser.me/api/portraits/thumb/men/74.jpg"
    },
    "status": "Checked in"
  },
  {
    "name": {
      "title": "miss",
      "first": "isabelle",
      "last": "morris"
    },
    "picture": {
      "large": "https://randomuser.me/api/portraits/women/44.jpg",
      "medium": "https://randomuser.me/api/portraits/med/women/44.jpg",
      "thumbnail": "https://randomuser.me/api/portraits/thumb/women/44.jpg"
    },
    "status": "Checked in"
  },
  {
    "name": {
      "title": "mrs",
      "first": "madison",
      "last": "mackay"
    },
    "picture": {
      "large": "https://randomuser.me/api/portraits/women/90.jpg",
      "medium": "https://randomuser.me/api/portraits/med/women/90.jpg",
      "thumbnail": "https://randomuser.me/api/portraits/thumb/women/90.jpg"
    },
    "status": "Checked in"
  },
  {
    "name": {
      "title": "mr",
      "first": "ralph",
      "last": "stevens"
    },
    "picture": {
      "large": "https://randomuser.me/api/portraits/men/33.jpg",
      "medium": "https://randomuser.me/api/portraits/med/men/33.jpg",
      "thumbnail": "https://randomuser.me/api/portraits/thumb/men/33.jpg"
    },
    "status": "On leave"
  },
  {
    "name": {
      "title": "mr",
      "first": "andreas",
      "last": "sørensen"
    },
    "picture": {
      "large": "https://randomuser.me/api/portraits/men/23.jpg",
      "medium": "https://randomuser.me/api/portraits/med/men/23.jpg",
      "thumbnail": "https://randomuser.me/api/portraits/thumb/men/23.jpg"
    },
    "status": "Sick"
  }
]
